{"cameraMode":{"drawMode":0,"name":"Shaded","section":"Shading Mode"},"sceneLighting":true,"audioPlay":false,"sceneViewState":{"m_AlwaysRefresh":false,"showFog":true,"showSkybox":true,"showFlares":true,"showImageEffects":true,"showParticleSystems":true,"showVisualEffectGraphs":true,"m_FxEnabled":true},"in2DMode":false,"pivot":{"x":-0.31478679180145266,"y":0.4320182204246521,"z":-1.0109503269195557},"rotation":{"x":-0.12244899570941925,"y":0.33560189604759219,"z":-0.0440514013171196,"w":-0.9329862594604492},"size":1.0000853538513184,"orthographic":true}